atom_index,dG_ads_eV
0,0.5738
1,0.3516
2,0.6267
3,0.9331
4,0.3180
5,0.3181
6,0.9527
7,0.6686
8,0.2357
9,0.5899
10,0.2378
11,0.2370
12,0.4847
13,-0.2696
14,-0.2037
15,0.2032
16,0.0455
17,0.8500
18,0.0822
19,-0.0943
20,0.9130
21,0.3210
22,0.4236
23,-0.0987
24,0.2095
25,0.1500
26,-0.0028
27,0.5315
28,0.3000
29,1.1500
30,-0.7200
31,1.0483
32,0.3953
33,0.0298
34,0.6879
35,-0.4500
36,0.4731
37,-0.2859
38,-0.0649
39,0.4689
40,0.6585
41,0.4600
42,0.3595
43,0.2946
44,-0.1175
45,0.1481
46,0.2388
47,0.7700
48,0.5203
49,-0.2171
50,0.5134
51,0.2652
52,0.1631
53,0.6141
54,0.7608
55,0.7259
56,0.1063
57,0.2918
